,precision,recall,f1-score,support
CNV,0.6430517711171662,0.9752066115702479,0.7750410509031198,242.0
DME,0.9191176470588235,0.5165289256198347,0.6613756613756614,242.0
DRUSEN,0.0,0.0,0.0,242.0
NORMAL,0.5118279569892473,0.9834710743801653,0.6732673267326733,242.0
accuracy,0.618801652892562,0.618801652892562,0.618801652892562,0.618801652892562
macro avg,0.5184993437913092,0.618801652892562,0.5274210097528637,968.0
weighted avg,0.5184993437913092,0.618801652892562,0.5274210097528635,968.0
